{"cameraMode":{"drawMode":0,"name":"Shaded","section":"Shading Mode"},"sceneLighting":true,"audioPlay":false,"sceneViewState":{"m_AlwaysRefresh":false,"showFog":true,"showSkybox":true,"showFlares":true,"showImageEffects":true,"showParticleSystems":true,"showVisualEffectGraphs":true,"m_FxEnabled":true},"in2DMode":false,"pivot":{"x":-19.655109405517579,"y":6.286093711853027,"z":-0.4929991662502289},"rotation":{"x":0.06029238924384117,"y":-0.805340051651001,"z":0.08316073566675186,"w":0.5838560461997986},"size":0.8660253882408142,"orthographic":true}