{"cameraMode":{"drawMode":0,"name":"Shaded","section":"Shading Mode"},"sceneLighting":true,"audioPlay":false,"sceneViewState":{"m_AlwaysRefresh":false,"showFog":true,"showSkybox":true,"showFlares":true,"showImageEffects":true,"showParticleSystems":true,"showVisualEffectGraphs":true,"m_FxEnabled":true},"in2DMode":false,"pivot":{"x":4.866827964782715,"y":4.590329170227051,"z":2.9291720390319826},"rotation":{"x":-0.0048341830261051659,"y":0.7109872102737427,"z":-0.004921977408230305,"w":-0.7032783031463623},"size":4.801548480987549,"orthographic":true}